               epoch,      train/box_loss,      train/obj_loss,      train/cls_loss,   metrics/precision,      metrics/recall,     metrics/mAP_0.5,metrics/mAP_0.5:0.95,        val/box_loss,        val/obj_loss,        val/cls_loss,               x/lr0,               x/lr1,               x/lr2
                   0,            0.075842,            0.028509,            0.050318,            0.037617,             0.24868,            0.047335,            0.024532,            0.038792,           0.0079215,            0.047975,             0.00139,             0.00139,             0.08749
                   1,              0.0486,            0.020919,            0.048155,            0.042546,             0.52771,            0.060906,            0.039377,            0.030073,           0.0049761,            0.046101,           0.0027899,           0.0027899,             0.07489
                   2,            0.040143,             0.01737,            0.046912,            0.054134,             0.52975,             0.10319,             0.06665,            0.026503,           0.0041553,            0.044238,           0.0041896,           0.0041896,             0.06229
                   3,            0.039938,            0.016411,            0.044897,             0.10706,              0.3479,             0.16608,             0.11585,            0.024023,           0.0039412,             0.04135,           0.0055888,           0.0055888,            0.049689
                   4,             0.04018,            0.015736,            0.042031,             0.25405,             0.41786,             0.28366,              0.2075,            0.021844,           0.0036231,            0.037386,           0.0069872,           0.0069872,            0.037087
                   5,            0.037557,            0.015364,             0.03741,             0.22896,             0.59821,             0.38711,             0.27789,            0.023078,            0.003422,            0.033001,           0.0083848,           0.0083848,            0.024485
                   6,            0.037207,            0.015209,            0.032484,             0.42245,             0.66062,              0.5677,             0.41234,            0.021845,           0.0037032,            0.026664,           0.0097813,           0.0097813,            0.011881
                   7,            0.034975,            0.015235,            0.026666,             0.57561,             0.71363,             0.66856,             0.49244,            0.023129,           0.0037108,            0.023599,           0.0099879,           0.0099879,           0.0099879
                   8,            0.033743,            0.015308,            0.022547,             0.66992,             0.78322,             0.78017,             0.58128,            0.021195,           0.0039106,            0.019529,           0.0099879,           0.0099879,           0.0099879
                   9,            0.032274,            0.014749,            0.019363,             0.67676,             0.79463,             0.79912,             0.61696,            0.020284,           0.0035566,            0.018824,           0.0099842,           0.0099842,           0.0099842
                  10,            0.031656,            0.014543,            0.017295,             0.77895,             0.85719,             0.85182,             0.66297,            0.020505,           0.0035315,            0.014207,             0.00998,             0.00998,             0.00998
                  11,            0.031258,            0.014271,            0.015792,             0.80908,             0.87961,             0.86902,             0.69212,            0.020047,           0.0033591,             0.01274,           0.0099753,           0.0099753,           0.0099753
                  12,            0.030002,            0.013994,            0.014582,              0.8183,             0.88979,             0.87733,             0.68389,            0.018697,           0.0033435,             0.01221,           0.0099702,           0.0099702,           0.0099702
                  13,            0.029986,            0.013954,            0.013719,             0.83585,             0.86153,             0.87192,             0.68675,            0.018758,           0.0033306,            0.011605,           0.0099645,           0.0099645,           0.0099645
                  14,            0.028688,            0.013752,             0.01305,              0.8047,             0.89574,             0.88624,             0.70956,            0.018547,           0.0032249,            0.010638,           0.0099584,           0.0099584,           0.0099584
                  15,            0.028934,            0.013851,            0.012766,             0.83396,             0.88192,             0.88711,             0.72393,            0.017814,           0.0031931,            0.010942,           0.0099517,           0.0099517,           0.0099517
                  16,            0.028756,            0.013681,            0.012434,              0.7944,             0.90714,             0.88788,             0.72378,            0.017851,           0.0032396,            0.010203,           0.0099446,           0.0099446,           0.0099446
                  17,            0.028587,            0.013647,             0.01198,             0.86274,             0.87955,             0.90048,              0.7312,            0.018591,           0.0032193,            0.009766,            0.009937,            0.009937,            0.009937
                  18,            0.027901,            0.013339,            0.011833,              0.8519,             0.91556,             0.92043,             0.75193,            0.018335,           0.0030647,           0.0088146,           0.0099289,           0.0099289,           0.0099289
                  19,            0.028532,             0.01319,            0.011445,             0.88714,             0.91733,             0.92469,             0.76175,            0.017651,           0.0031175,           0.0082622,           0.0099203,           0.0099203,           0.0099203
                  20,            0.027756,            0.013394,            0.010777,             0.88344,             0.91033,             0.93075,             0.76379,            0.016303,           0.0029976,           0.0081316,           0.0099112,           0.0099112,           0.0099112
                  21,            0.027941,            0.013378,            0.010293,               0.865,             0.91404,             0.92461,             0.75119,            0.017143,           0.0030365,            0.007878,           0.0099017,           0.0099017,           0.0099017
                  22,            0.027134,            0.012995,            0.010061,             0.87993,             0.91525,             0.92493,             0.76219,            0.017297,           0.0031273,           0.0072067,           0.0098916,           0.0098916,           0.0098916
                  23,            0.026766,             0.01291,           0.0095764,             0.86062,             0.91866,             0.92092,              0.7608,            0.016018,           0.0029415,           0.0089294,           0.0098811,           0.0098811,           0.0098811
                  24,            0.026769,            0.012842,           0.0096936,             0.87828,             0.90732,             0.93079,             0.75936,            0.018469,           0.0028975,           0.0090309,           0.0098701,           0.0098701,           0.0098701
                  25,            0.026448,            0.012758,           0.0092292,             0.87668,             0.92948,             0.94858,              0.7838,            0.017109,           0.0029788,           0.0070958,           0.0098586,           0.0098586,           0.0098586
                  26,            0.026055,            0.012711,           0.0091448,             0.87485,             0.90633,             0.92563,             0.77499,            0.015217,           0.0028911,           0.0075326,           0.0098467,           0.0098467,           0.0098467
                  27,            0.026433,            0.012481,            0.009016,             0.84443,             0.91359,             0.93047,             0.76114,            0.017086,           0.0030001,           0.0080769,           0.0098342,           0.0098342,           0.0098342
                  28,            0.025858,            0.012791,           0.0082737,             0.90058,             0.89416,             0.94418,             0.77886,            0.017004,           0.0030329,           0.0071974,           0.0098213,           0.0098213,           0.0098213
                  29,            0.026239,            0.012719,           0.0085186,             0.89803,              0.9046,             0.95165,             0.79213,            0.016841,             0.00301,           0.0072438,           0.0098079,           0.0098079,           0.0098079
                  30,            0.026069,            0.012445,           0.0083815,             0.93075,             0.91878,              0.9531,             0.79265,            0.016838,            0.002924,           0.0068773,           0.0097941,           0.0097941,           0.0097941
                  31,            0.025732,            0.012501,           0.0080417,             0.91444,             0.93747,             0.96581,             0.81238,            0.016246,            0.002856,           0.0061604,           0.0097798,           0.0097798,           0.0097798
                  32,            0.025792,            0.012356,           0.0079369,             0.93054,             0.91308,             0.96195,             0.79615,            0.016236,           0.0031206,           0.0064445,            0.009765,            0.009765,            0.009765
                  33,            0.025273,            0.012088,           0.0076472,             0.92662,             0.92248,             0.96224,             0.80724,            0.015852,            0.002865,           0.0059611,           0.0097497,           0.0097497,           0.0097497
                  34,            0.024989,              0.0122,           0.0073589,             0.95745,             0.93996,             0.97427,             0.82755,            0.015157,           0.0028424,           0.0050088,            0.009734,            0.009734,            0.009734
                  35,             0.02489,            0.012334,           0.0071534,             0.94658,             0.93697,              0.9678,             0.81258,            0.014987,           0.0027875,           0.0049554,           0.0097178,           0.0097178,           0.0097178
                  36,            0.025299,             0.01246,           0.0072092,              0.9324,             0.92422,              0.9656,             0.81293,            0.015925,           0.0028457,           0.0058528,           0.0097011,           0.0097011,           0.0097011
                  37,            0.024652,            0.012017,           0.0071189,             0.92823,              0.9405,             0.96617,             0.81455,            0.015823,           0.0028496,           0.0057588,            0.009684,            0.009684,            0.009684
                  38,            0.025239,            0.012106,           0.0072319,             0.94287,             0.93285,             0.97041,             0.81698,            0.015167,           0.0028681,            0.005702,           0.0096664,           0.0096664,           0.0096664
                  39,            0.024555,            0.012007,           0.0069666,             0.94881,             0.93195,             0.97251,             0.83083,            0.014722,           0.0027522,           0.0056534,           0.0096484,           0.0096484,           0.0096484
                  40,             0.02472,            0.012025,           0.0069786,             0.95239,             0.91764,             0.96704,             0.81958,            0.016064,            0.002782,           0.0066216,           0.0096299,           0.0096299,           0.0096299
                  41,            0.024048,            0.011543,           0.0065842,             0.95041,             0.93764,             0.97465,                0.82,            0.015834,           0.0028503,           0.0048871,            0.009611,            0.009611,            0.009611
                  42,            0.024223,            0.011737,           0.0067902,             0.94849,             0.93512,             0.97036,             0.82711,            0.015143,           0.0027463,           0.0053791,           0.0095916,           0.0095916,           0.0095916
                  43,            0.024362,             0.01206,           0.0066784,             0.95117,             0.94762,             0.97601,             0.82571,            0.015468,           0.0027923,           0.0043808,           0.0095717,           0.0095717,           0.0095717
                  44,             0.02426,            0.011952,           0.0065643,             0.94756,             0.92561,             0.97057,             0.82096,             0.01548,           0.0026954,             0.00549,           0.0095514,           0.0095514,           0.0095514
                  45,            0.024301,            0.011866,           0.0066186,             0.94922,             0.93699,             0.97439,             0.83767,            0.015445,           0.0026661,           0.0053643,           0.0095307,           0.0095307,           0.0095307
                  46,             0.02357,            0.011663,           0.0064089,             0.94095,             0.95608,             0.97987,             0.83683,            0.015229,           0.0027044,           0.0045614,           0.0095095,           0.0095095,           0.0095095
                  47,            0.023844,            0.011747,            0.006793,             0.95442,             0.94707,             0.97162,             0.83458,            0.014442,           0.0027612,           0.0044901,           0.0094879,           0.0094879,           0.0094879
                  48,            0.024012,             0.01177,           0.0063219,             0.94733,             0.96059,             0.97716,             0.83499,            0.014394,           0.0027419,           0.0044111,           0.0094659,           0.0094659,           0.0094659
                  49,            0.023795,            0.011586,           0.0062193,             0.93624,             0.94229,             0.97735,             0.83713,            0.015552,           0.0026831,           0.0045206,           0.0094434,           0.0094434,           0.0094434
                  50,            0.023731,            0.011573,            0.006379,             0.95649,             0.94765,             0.98037,              0.8395,            0.015569,           0.0027144,           0.0043283,           0.0094205,           0.0094205,           0.0094205
                  51,            0.023726,             0.01182,           0.0064199,             0.95206,              0.9436,             0.97811,             0.83867,            0.014689,           0.0026048,            0.004754,           0.0093971,           0.0093971,           0.0093971
                  52,            0.023568,            0.011671,           0.0060557,              0.9589,             0.95676,             0.98213,             0.84368,            0.014812,           0.0026501,           0.0041007,           0.0093733,           0.0093733,           0.0093733
                  53,            0.023337,            0.011462,           0.0061167,             0.95907,             0.95234,              0.9785,              0.8437,            0.015112,           0.0026864,           0.0047027,           0.0093491,           0.0093491,           0.0093491
                  54,            0.023374,             0.01157,           0.0062439,             0.94837,             0.95284,             0.97141,             0.83897,            0.014248,           0.0026339,           0.0043208,           0.0093245,           0.0093245,           0.0093245
                  55,            0.023166,            0.011578,           0.0063739,             0.93309,             0.93771,             0.97075,             0.83346,            0.014948,           0.0026542,           0.0051056,           0.0092995,           0.0092995,           0.0092995
                  56,            0.023399,            0.011607,           0.0060055,              0.9596,             0.93493,             0.97659,             0.83772,            0.014887,           0.0026239,           0.0044618,            0.009274,            0.009274,            0.009274
                  57,            0.023179,            0.011737,           0.0059074,             0.93564,             0.95411,             0.97458,             0.83656,            0.015306,           0.0026139,            0.004424,           0.0092481,           0.0092481,           0.0092481
                  58,            0.023195,            0.011363,           0.0059693,             0.95636,             0.93795,             0.97909,             0.83838,            0.014458,           0.0025931,           0.0045599,           0.0092219,           0.0092219,           0.0092219
                  59,            0.023092,            0.011364,            0.005758,             0.96088,             0.96156,             0.97983,             0.85331,            0.014268,           0.0024857,           0.0037964,           0.0091952,           0.0091952,           0.0091952
                  60,            0.023189,            0.011188,           0.0056772,             0.96509,             0.95398,             0.98073,             0.85227,            0.014038,           0.0025098,           0.0045931,           0.0091681,           0.0091681,           0.0091681
                  61,            0.022624,            0.011194,           0.0056465,             0.96483,             0.94339,             0.97736,             0.84807,            0.014014,           0.0026154,           0.0042497,           0.0091406,           0.0091406,           0.0091406
                  62,            0.022877,            0.011304,           0.0055828,             0.97234,             0.93337,             0.98105,              0.8489,            0.013961,           0.0025551,           0.0042483,           0.0091127,           0.0091127,           0.0091127
                  63,            0.023179,            0.011319,           0.0058121,             0.95677,             0.96105,             0.98022,              0.8521,            0.014303,           0.0025589,           0.0039622,           0.0090844,           0.0090844,           0.0090844
                  64,            0.022789,            0.011442,           0.0057021,             0.95087,             0.95762,             0.97907,             0.84141,            0.013623,           0.0026662,           0.0041705,           0.0090557,           0.0090557,           0.0090557
                  65,            0.022786,            0.011585,           0.0058392,             0.96203,             0.93782,             0.97747,             0.84736,            0.014006,           0.0025658,           0.0042511,           0.0090266,           0.0090266,           0.0090266
                  66,            0.022791,            0.011261,           0.0056958,             0.95513,               0.953,             0.98127,             0.85718,             0.01388,           0.0024624,           0.0044427,           0.0089972,           0.0089972,           0.0089972
                  67,            0.022673,              0.0113,           0.0055914,             0.95647,             0.95159,             0.98045,             0.84992,            0.015029,           0.0025508,           0.0043435,           0.0089673,           0.0089673,           0.0089673
                  68,            0.022455,            0.011282,           0.0056588,             0.96339,             0.95224,             0.98074,             0.85388,            0.014338,            0.002533,           0.0043993,           0.0089371,           0.0089371,           0.0089371
                  69,            0.022342,            0.011027,           0.0055483,             0.96256,             0.96098,             0.98187,             0.85483,            0.014295,           0.0025185,           0.0038935,           0.0089065,           0.0089065,           0.0089065
                  70,            0.022148,            0.010809,            0.005221,             0.95107,             0.95925,             0.97966,             0.85773,            0.014254,           0.0025061,           0.0043222,           0.0088755,           0.0088755,           0.0088755
                  71,            0.022509,            0.011161,           0.0054476,             0.95996,             0.96084,             0.98212,             0.85803,            0.013934,           0.0025196,           0.0042673,           0.0088442,           0.0088442,           0.0088442
                  72,            0.022063,            0.011112,           0.0053622,             0.96962,             0.95881,             0.98187,             0.85875,            0.014363,           0.0024984,           0.0040887,           0.0088124,           0.0088124,           0.0088124
                  73,             0.02221,            0.011031,           0.0053534,             0.96926,             0.95543,             0.98299,             0.86111,            0.013101,           0.0025237,           0.0038782,           0.0087804,           0.0087804,           0.0087804
                  74,            0.022568,            0.011423,           0.0055544,             0.96182,             0.96096,             0.97916,             0.85701,            0.013609,           0.0024701,           0.0040622,           0.0087479,           0.0087479,           0.0087479
                  75,            0.021845,            0.010985,           0.0051251,             0.96092,             0.95749,             0.97959,              0.8561,            0.013899,            0.002463,           0.0040407,           0.0087151,           0.0087151,           0.0087151
                  76,            0.022305,            0.011005,           0.0052048,             0.95496,             0.95376,              0.9795,             0.85324,             0.01332,           0.0024996,           0.0046343,            0.008682,            0.008682,            0.008682
                  77,            0.021988,            0.011015,           0.0052738,             0.97046,             0.95605,             0.98457,             0.86053,            0.013356,           0.0024904,           0.0042679,           0.0086485,           0.0086485,           0.0086485
                  78,             0.02215,            0.010875,           0.0054106,             0.95539,             0.96219,             0.98261,             0.86026,            0.013457,           0.0024899,           0.0040173,           0.0086146,           0.0086146,           0.0086146
                  79,            0.021867,            0.010701,           0.0054384,             0.95191,             0.96027,             0.98248,             0.85903,            0.014181,           0.0024692,           0.0037674,           0.0085805,           0.0085805,           0.0085805
                  80,            0.022118,            0.010975,           0.0054327,             0.97215,             0.96359,              0.9847,             0.86362,            0.014678,           0.0024822,           0.0038066,           0.0085459,           0.0085459,           0.0085459
                  81,            0.022586,            0.010955,           0.0052486,             0.95869,             0.97398,             0.98425,             0.86845,              0.0131,           0.0023812,           0.0036524,           0.0085111,           0.0085111,           0.0085111
                  82,            0.022089,            0.011018,           0.0052021,             0.97069,             0.95092,              0.9813,             0.86233,            0.013051,           0.0024737,           0.0038906,           0.0084759,           0.0084759,           0.0084759
                  83,            0.021864,            0.010705,           0.0050768,             0.96544,             0.96161,             0.98103,             0.86375,            0.013531,           0.0024523,           0.0037344,           0.0084404,           0.0084404,           0.0084404
                  84,            0.021166,            0.010624,           0.0049363,             0.96745,             0.96001,             0.98274,             0.86512,            0.013489,           0.0024018,           0.0036542,           0.0084046,           0.0084046,           0.0084046
                  85,            0.021724,            0.010763,           0.0050754,             0.96831,             0.96991,             0.98526,             0.86674,            0.014108,           0.0023694,           0.0035593,           0.0083684,           0.0083684,           0.0083684
                  86,            0.021661,            0.010619,           0.0051033,             0.96894,             0.96801,             0.98328,             0.86833,            0.012734,           0.0023762,           0.0035797,           0.0083319,           0.0083319,           0.0083319
                  87,            0.021601,            0.010709,           0.0050398,             0.95444,               0.966,             0.98089,             0.86307,            0.012694,           0.0024245,           0.0036382,           0.0082952,           0.0082952,           0.0082952
                  88,            0.021373,            0.010623,           0.0049752,             0.96926,             0.97026,             0.98326,             0.86994,            0.012581,           0.0023865,           0.0034724,           0.0082581,           0.0082581,           0.0082581
                  89,            0.021554,            0.010651,           0.0049038,             0.95567,             0.97285,             0.98554,              0.8644,            0.013034,           0.0023996,           0.0037239,           0.0082207,           0.0082207,           0.0082207
                  90,            0.021527,            0.010829,           0.0049385,             0.97547,             0.96724,             0.98366,             0.86786,            0.013167,            0.002386,           0.0034417,            0.008183,            0.008183,            0.008183
                  91,            0.021094,            0.010497,           0.0047242,             0.96071,             0.97633,             0.98325,             0.86439,            0.013204,           0.0023879,           0.0033609,            0.008145,            0.008145,            0.008145
                  92,            0.021684,             0.01048,           0.0048819,             0.97437,             0.96168,             0.98387,             0.86815,            0.012865,           0.0023988,           0.0034543,           0.0081068,           0.0081068,           0.0081068
                  93,             0.02113,            0.010603,           0.0048375,             0.96226,              0.9698,             0.98319,             0.87118,            0.012897,           0.0023419,           0.0035109,           0.0080682,           0.0080682,           0.0080682
                  94,            0.021322,            0.010476,           0.0048584,             0.96292,             0.96855,             0.98285,              0.8699,            0.013124,           0.0023513,           0.0035467,           0.0080294,           0.0080294,           0.0080294
                  95,            0.021535,             0.01072,           0.0049807,             0.96954,              0.9652,             0.98397,             0.86797,            0.013542,           0.0023148,            0.003341,           0.0079903,           0.0079903,           0.0079903
                  96,            0.021215,            0.010597,           0.0045837,             0.96748,             0.97202,             0.98696,             0.87149,            0.013339,           0.0023105,           0.0034862,           0.0079509,           0.0079509,           0.0079509
                  97,            0.021191,            0.010626,           0.0048219,             0.97855,             0.96102,             0.98569,             0.86709,            0.013034,           0.0023465,             0.00346,           0.0079112,           0.0079112,           0.0079112
                  98,            0.021151,            0.010514,             0.00491,              0.9719,             0.96397,             0.98363,             0.87222,            0.013158,           0.0023409,           0.0033803,           0.0078713,           0.0078713,           0.0078713
                  99,            0.020832,            0.010419,           0.0047821,             0.97086,             0.97465,             0.98441,             0.87434,            0.012639,           0.0023522,           0.0032783,           0.0078311,           0.0078311,           0.0078311
                 100,             0.02101,            0.010529,           0.0045754,             0.97605,             0.96738,             0.98553,             0.87347,            0.013154,           0.0023738,           0.0032363,           0.0077907,           0.0077907,           0.0077907
                 101,            0.021319,            0.010653,           0.0048007,             0.97768,             0.96514,             0.98598,             0.86943,            0.013491,           0.0023884,           0.0032965,             0.00775,             0.00775,             0.00775
                 102,            0.020639,            0.010413,           0.0045065,             0.96971,              0.9643,             0.98533,             0.86958,            0.014022,           0.0023696,           0.0035787,           0.0077091,           0.0077091,           0.0077091
                 103,            0.020778,            0.010499,           0.0046283,             0.97567,             0.96259,             0.98491,             0.87542,            0.012787,           0.0023263,            0.003468,           0.0076679,           0.0076679,           0.0076679
                 104,            0.020569,            0.010518,            0.004615,             0.96626,             0.96426,             0.98543,             0.87638,            0.012691,           0.0023106,            0.003626,           0.0076265,           0.0076265,           0.0076265
                 105,            0.020697,            0.010358,           0.0045523,             0.97059,             0.97628,              0.9855,             0.87385,            0.012821,           0.0022756,           0.0034498,           0.0075848,           0.0075848,           0.0075848
                 106,            0.021025,             0.01041,           0.0047505,             0.97417,             0.97051,             0.98541,             0.87764,            0.012569,           0.0023097,           0.0035233,            0.007543,            0.007543,            0.007543
                 107,             0.02083,            0.010692,           0.0046253,             0.97661,             0.96567,               0.986,             0.87742,            0.012679,           0.0023342,           0.0034451,           0.0075009,           0.0075009,           0.0075009
                 108,            0.020975,            0.010365,           0.0048845,             0.97281,             0.96514,             0.98483,             0.87462,             0.01258,           0.0023512,           0.0035164,           0.0074585,           0.0074585,           0.0074585
                 109,            0.020612,            0.010383,           0.0045267,             0.97688,             0.96728,             0.98666,             0.87583,            0.013108,           0.0023743,           0.0032567,            0.007416,            0.007416,            0.007416
                 110,            0.020318,            0.010349,           0.0043521,             0.97165,             0.97303,             0.98668,             0.87859,            0.013211,           0.0023286,           0.0031971,           0.0073733,           0.0073733,           0.0073733
                 111,            0.020693,            0.010448,           0.0045805,             0.97291,             0.97387,             0.98601,             0.87625,              0.0131,           0.0022949,           0.0031675,           0.0073303,           0.0073303,           0.0073303
                 112,            0.020596,            0.010371,           0.0042641,             0.96933,             0.97789,             0.98612,             0.87826,            0.013483,           0.0022728,           0.0030726,           0.0072872,           0.0072872,           0.0072872
                 113,            0.020419,            0.010314,           0.0047007,             0.97315,             0.96603,             0.98466,             0.87585,            0.013047,           0.0022941,           0.0032307,           0.0072438,           0.0072438,           0.0072438
                 114,            0.020461,            0.010258,           0.0044163,             0.97196,             0.96509,             0.98501,             0.87812,            0.012833,           0.0022888,           0.0033188,           0.0072003,           0.0072003,           0.0072003
                 115,            0.020378,            0.010261,           0.0045024,             0.97009,             0.96013,             0.98368,             0.87657,            0.013065,            0.002306,           0.0035008,           0.0071566,           0.0071566,           0.0071566
                 116,            0.020297,            0.010124,           0.0042806,             0.97295,             0.96772,             0.98446,             0.87527,             0.01306,           0.0023271,           0.0034612,           0.0071127,           0.0071127,           0.0071127
                 117,            0.020087,           0.0099383,           0.0040739,             0.97892,             0.96574,             0.98522,             0.87848,            0.012718,           0.0023328,           0.0033359,           0.0070686,           0.0070686,           0.0070686
                 118,            0.019988,            0.010054,           0.0043189,             0.97722,             0.96477,             0.98514,              0.8772,            0.012868,           0.0023401,           0.0034541,           0.0070243,           0.0070243,           0.0070243
                 119,            0.020167,            0.010181,           0.0043962,             0.97492,             0.96653,             0.98452,               0.878,            0.012954,           0.0023196,           0.0035394,           0.0069799,           0.0069799,           0.0069799
                 120,            0.020178,            0.010143,            0.004423,             0.97244,             0.96707,             0.98463,             0.87992,            0.013122,           0.0023073,           0.0035181,           0.0069353,           0.0069353,           0.0069353
                 121,            0.020437,            0.010316,           0.0043997,             0.97713,             0.96507,             0.98347,             0.87948,            0.012693,           0.0022837,           0.0035909,           0.0068906,           0.0068906,           0.0068906
                 122,             0.02034,            0.010292,            0.004378,             0.98216,             0.96756,              0.9838,             0.88149,            0.012402,           0.0022976,           0.0035982,           0.0068457,           0.0068457,           0.0068457
                 123,            0.019945,           0.0099618,            0.004225,             0.97048,             0.96803,             0.98294,             0.88045,            0.012481,            0.002316,           0.0035704,           0.0068006,           0.0068006,           0.0068006
                 124,            0.020143,            0.010261,           0.0042714,             0.97405,             0.96753,             0.98365,             0.87814,            0.012379,           0.0023043,           0.0034853,           0.0067555,           0.0067555,           0.0067555
                 125,            0.019929,            0.009991,           0.0040451,             0.96709,             0.97137,             0.98385,             0.87488,             0.01197,           0.0023003,           0.0033935,           0.0067101,           0.0067101,           0.0067101
                 126,            0.020071,            0.010121,           0.0042733,             0.97384,             0.96605,             0.98343,             0.87402,             0.01239,           0.0022818,           0.0033997,           0.0066647,           0.0066647,           0.0066647
                 127,            0.019963,            0.010056,           0.0040514,             0.96943,             0.97114,               0.984,             0.87864,            0.012563,           0.0022609,           0.0033627,           0.0066191,           0.0066191,           0.0066191
                 128,            0.019625,           0.0099799,           0.0041477,             0.97331,             0.96717,             0.98416,             0.87588,            0.012769,           0.0022776,            0.003308,           0.0065734,           0.0065734,           0.0065734
                 129,            0.019838,            0.010019,           0.0042451,             0.97748,             0.96285,              0.9844,             0.87988,             0.01276,           0.0022896,           0.0033539,           0.0065276,           0.0065276,           0.0065276
                 130,            0.019953,            0.010057,           0.0041521,              0.9756,             0.95991,             0.98379,             0.87607,            0.012665,           0.0023156,           0.0035132,           0.0064816,           0.0064816,           0.0064816
                 131,            0.019521,            0.009841,           0.0041885,             0.97559,             0.96326,             0.98375,             0.87916,            0.012954,           0.0023019,           0.0034746,           0.0064356,           0.0064356,           0.0064356
                 132,            0.019426,           0.0099018,           0.0042616,             0.97366,             0.96788,             0.98364,             0.87785,            0.013102,           0.0023137,            0.003489,           0.0063895,           0.0063895,           0.0063895
                 133,            0.019613,           0.0098029,           0.0041287,             0.97803,             0.96153,             0.98219,             0.87773,            0.012754,           0.0023077,           0.0034875,           0.0063432,           0.0063432,           0.0063432
                 134,            0.019556,            0.009996,           0.0042519,             0.97853,             0.96254,             0.98283,             0.88079,            0.012305,           0.0022997,           0.0034756,           0.0062969,           0.0062969,           0.0062969
                 135,            0.019316,           0.0098287,            0.004046,              0.9727,             0.96939,             0.98424,             0.88337,            0.012031,           0.0022804,           0.0033923,           0.0062505,           0.0062505,           0.0062505
                 136,            0.018858,           0.0096461,           0.0038838,             0.97958,             0.97014,             0.98375,             0.88411,            0.011956,           0.0022736,           0.0033827,            0.006204,            0.006204,            0.006204
                 137,            0.019483,             0.00981,           0.0040139,             0.97687,             0.96864,             0.98403,             0.88406,            0.011973,           0.0022569,           0.0034724,           0.0061574,           0.0061574,           0.0061574
                 138,            0.019676,            0.009848,           0.0042457,             0.97705,             0.96791,               0.985,             0.88273,            0.011871,           0.0022606,            0.003481,           0.0061107,           0.0061107,           0.0061107
                 139,            0.019192,           0.0096868,           0.0040016,             0.97555,             0.96703,             0.98529,             0.88156,            0.011902,           0.0022767,           0.0034533,            0.006064,            0.006064,            0.006064
                 140,            0.019013,            0.009718,           0.0037529,              0.9753,             0.96324,              0.9848,             0.88404,            0.011855,           0.0022914,           0.0035125,           0.0060172,           0.0060172,           0.0060172
                 141,            0.019033,           0.0098909,           0.0039288,             0.96619,             0.97277,             0.98497,              0.8848,             0.01215,           0.0022972,           0.0034335,           0.0059704,           0.0059704,           0.0059704
                 142,             0.01916,           0.0098095,           0.0039343,             0.97614,             0.96282,             0.98461,             0.88315,            0.012335,           0.0022997,           0.0034316,           0.0059235,           0.0059235,           0.0059235
                 143,             0.01913,           0.0094836,           0.0039745,             0.97134,             0.96795,             0.98472,             0.88565,            0.012105,           0.0022919,           0.0033785,           0.0058766,           0.0058766,           0.0058766
                 144,            0.018932,           0.0097488,           0.0038278,             0.97581,              0.9686,             0.98497,             0.88402,            0.012009,           0.0022846,           0.0032369,           0.0058296,           0.0058296,           0.0058296
                 145,            0.019108,           0.0097681,           0.0039596,             0.97174,             0.97297,              0.9854,             0.88493,            0.012081,           0.0022886,           0.0032109,           0.0057826,           0.0057826,           0.0057826
                 146,            0.018969,           0.0096781,           0.0037914,             0.97606,             0.96622,             0.98496,             0.88816,            0.012196,           0.0022728,           0.0033278,           0.0057355,           0.0057355,           0.0057355
                 147,            0.018815,           0.0094206,            0.003738,             0.97403,             0.96883,             0.98503,             0.88448,            0.012398,           0.0022778,           0.0033789,           0.0056884,           0.0056884,           0.0056884
                 148,            0.018838,           0.0096282,           0.0039227,             0.97547,             0.96491,             0.98441,             0.88584,            0.012516,           0.0022899,            0.003363,           0.0056413,           0.0056413,           0.0056413
                 149,            0.018603,           0.0094267,           0.0035878,             0.97437,             0.96744,             0.98492,             0.88521,            0.012419,           0.0022981,           0.0032888,           0.0055942,           0.0055942,           0.0055942
                 150,            0.018842,           0.0094662,            0.003804,             0.97411,             0.96646,             0.98493,             0.88413,            0.012393,           0.0023013,           0.0033216,           0.0055471,           0.0055471,           0.0055471
                 151,            0.018919,           0.0095072,           0.0037455,             0.97565,             0.96535,             0.98465,              0.8829,            0.012603,           0.0023171,           0.0032661,              0.0055,              0.0055,              0.0055
                 152,            0.018895,            0.009523,           0.0036468,             0.97608,             0.96607,             0.98431,             0.88424,            0.012533,           0.0023144,           0.0033045,           0.0054529,           0.0054529,           0.0054529
                 153,            0.018756,           0.0095126,           0.0038964,             0.97667,              0.9655,             0.98504,              0.8839,            0.012437,           0.0023222,           0.0032582,           0.0054058,           0.0054058,           0.0054058
                 154,            0.018352,            0.009553,           0.0038178,             0.97383,              0.9697,             0.98578,              0.8821,            0.012497,           0.0023259,           0.0032066,           0.0053587,           0.0053587,           0.0053587
                 155,            0.018612,           0.0093696,           0.0038698,             0.97375,             0.96994,             0.98601,             0.88421,            0.012532,           0.0023171,           0.0032123,           0.0053116,           0.0053116,           0.0053116
                 156,            0.018486,           0.0093277,           0.0036478,             0.97251,             0.97119,             0.98591,              0.8848,            0.012476,           0.0023098,            0.003173,           0.0052645,           0.0052645,           0.0052645
                 157,            0.018611,           0.0093841,           0.0038527,             0.97485,             0.96778,             0.98587,             0.88329,            0.012519,           0.0023094,            0.003154,           0.0052174,           0.0052174,           0.0052174
                 158,            0.018336,           0.0093634,           0.0037803,             0.97424,             0.96814,             0.98572,             0.88357,            0.012551,           0.0023021,           0.0031572,           0.0051704,           0.0051704,           0.0051704
                 159,            0.018594,           0.0091926,           0.0036872,             0.96258,             0.98137,             0.98535,              0.8851,            0.012521,            0.002291,           0.0031578,           0.0051234,           0.0051234,           0.0051234
                 160,            0.018532,            0.009386,             0.00375,             0.97607,             0.96863,             0.98522,             0.88345,            0.012497,           0.0022842,           0.0031473,           0.0050765,           0.0050765,           0.0050765
                 161,            0.018761,           0.0094559,           0.0036624,             0.97484,             0.97024,             0.98539,             0.88543,            0.012435,           0.0022831,            0.003103,           0.0050296,           0.0050296,           0.0050296
                 162,            0.018004,            0.009148,           0.0034095,             0.97385,             0.97006,             0.98544,             0.88584,            0.012446,           0.0022857,            0.003109,           0.0049828,           0.0049828,           0.0049828
                 163,            0.018752,           0.0096212,           0.0036717,             0.97523,             0.97124,              0.9852,             0.88481,            0.012408,           0.0022866,           0.0030971,            0.004936,            0.004936,            0.004936
                 164,            0.017921,           0.0092887,           0.0034079,             0.97401,              0.9717,             0.98505,              0.8859,            0.012365,           0.0022929,           0.0031243,           0.0048893,           0.0048893,           0.0048893
                 165,            0.017797,           0.0091471,           0.0035473,             0.97376,               0.971,             0.98547,             0.88775,            0.012375,           0.0022931,           0.0031601,           0.0048426,           0.0048426,           0.0048426
                 166,            0.018032,           0.0091983,           0.0032572,             0.97133,             0.97043,             0.98535,              0.8864,            0.012362,           0.0022929,           0.0032072,            0.004796,            0.004796,            0.004796
                 167,            0.018415,           0.0093509,           0.0036422,             0.96559,             0.97598,             0.98535,             0.88653,            0.012329,           0.0022888,            0.003157,           0.0047495,           0.0047495,           0.0047495
                 168,            0.017985,           0.0092074,           0.0035301,             0.96679,             0.97705,             0.98527,             0.88554,            0.012348,           0.0022836,           0.0031692,           0.0047031,           0.0047031,           0.0047031
                 169,            0.018273,           0.0092228,           0.0035718,             0.96945,             0.97694,             0.98514,             0.88536,            0.012379,           0.0022848,           0.0031874,           0.0046568,           0.0046568,           0.0046568
                 170,            0.017875,           0.0092303,           0.0035409,             0.97018,             0.97685,             0.98486,             0.88596,            0.012455,            0.002287,           0.0032062,           0.0046105,           0.0046105,           0.0046105
                 171,            0.018109,           0.0091404,           0.0036848,             0.97149,             0.97515,             0.98472,             0.88574,            0.012478,           0.0022839,           0.0032268,           0.0045644,           0.0045644,           0.0045644
                 172,            0.017725,           0.0089924,           0.0032759,             0.97224,             0.97456,             0.98468,             0.88631,            0.012489,           0.0022825,           0.0032367,           0.0045184,           0.0045184,           0.0045184
                 173,            0.017865,           0.0090981,           0.0036143,             0.97289,             0.97556,             0.98492,             0.88697,            0.012379,            0.002275,           0.0032234,           0.0044724,           0.0044724,           0.0044724
                 174,             0.01792,           0.0090385,           0.0035169,              0.9727,             0.97641,             0.98447,             0.88776,            0.012394,           0.0022721,           0.0031916,           0.0044266,           0.0044266,           0.0044266
                 175,            0.017924,           0.0091796,           0.0033804,             0.97219,             0.97612,             0.98458,              0.8887,            0.012407,            0.002263,           0.0031834,           0.0043809,           0.0043809,           0.0043809
                 176,            0.017673,           0.0091285,           0.0033703,             0.97083,             0.97814,             0.98457,             0.88944,            0.012279,           0.0022578,           0.0031902,           0.0043353,           0.0043353,           0.0043353
                 177,            0.017359,           0.0089122,            0.003305,             0.97344,             0.97623,             0.98447,             0.89008,            0.012206,           0.0022516,           0.0031696,           0.0042899,           0.0042899,           0.0042899
                 178,            0.017466,           0.0087719,           0.0032677,             0.97204,             0.97863,              0.9846,             0.88854,            0.012174,             0.00225,           0.0031453,           0.0042445,           0.0042445,           0.0042445
                 179,            0.017812,           0.0092061,           0.0033661,             0.97289,             0.97766,             0.98531,             0.88881,            0.012158,           0.0022516,           0.0030998,           0.0041994,           0.0041994,           0.0041994
                 180,            0.017552,           0.0089013,           0.0033841,             0.97228,             0.97804,             0.98547,             0.88796,            0.012134,           0.0022493,           0.0030866,           0.0041543,           0.0041543,           0.0041543
                 181,            0.017727,           0.0089978,           0.0033712,             0.97128,             0.97904,             0.98557,              0.8886,            0.012124,           0.0022532,           0.0030744,           0.0041094,           0.0041094,           0.0041094
                 182,            0.017492,           0.0087618,           0.0033362,             0.96977,             0.98043,             0.98575,              0.8892,            0.012106,           0.0022543,           0.0030799,           0.0040647,           0.0040647,           0.0040647
                 183,            0.017028,           0.0088783,           0.0032497,             0.96746,             0.98363,             0.98581,             0.88933,            0.012063,           0.0022554,           0.0030831,           0.0040201,           0.0040201,           0.0040201
                 184,            0.017436,           0.0088076,            0.003253,             0.96771,              0.9839,             0.98613,             0.89114,            0.012092,           0.0022569,           0.0030939,           0.0039757,           0.0039757,           0.0039757
                 185,            0.017497,           0.0088761,           0.0033332,              0.9685,             0.98398,             0.98625,             0.89138,            0.012082,           0.0022581,           0.0030822,           0.0039314,           0.0039314,           0.0039314
                 186,            0.017508,           0.0090016,           0.0033147,             0.96812,             0.98413,             0.98629,             0.89183,            0.012047,           0.0022564,           0.0030739,           0.0038873,           0.0038873,           0.0038873
                 187,            0.016964,           0.0088823,            0.003066,             0.96934,             0.98358,             0.98614,             0.89094,            0.011978,           0.0022567,           0.0030665,           0.0038434,           0.0038434,           0.0038434
                 188,            0.016871,           0.0088963,           0.0030416,             0.97449,             0.97759,             0.98617,             0.89083,            0.011985,           0.0022541,           0.0030586,           0.0037997,           0.0037997,           0.0037997
                 189,            0.017172,           0.0089387,           0.0032499,              0.9679,             0.98376,             0.98617,             0.89069,             0.01197,           0.0022515,           0.0030512,           0.0037562,           0.0037562,           0.0037562
                 190,            0.017365,           0.0087093,           0.0032979,             0.97532,             0.97586,             0.98622,             0.89144,            0.011999,           0.0022494,           0.0030459,           0.0037128,           0.0037128,           0.0037128
                 191,            0.017104,           0.0086015,           0.0030913,              0.9661,             0.98366,             0.98619,             0.89232,            0.011974,           0.0022468,           0.0030393,           0.0036697,           0.0036697,           0.0036697
                 192,            0.017209,            0.008709,            0.003348,              0.9675,             0.98231,             0.98614,             0.89138,            0.011941,           0.0022432,            0.003027,           0.0036267,           0.0036267,           0.0036267
                 193,            0.017428,           0.0087632,           0.0032901,               0.967,             0.98374,             0.98611,             0.89239,            0.011901,           0.0022415,           0.0030255,            0.003584,            0.003584,            0.003584
                 194,            0.017128,           0.0087221,           0.0033671,             0.97401,             0.97579,             0.98606,             0.89229,            0.011912,           0.0022399,           0.0030346,           0.0035415,           0.0035415,           0.0035415
                 195,             0.01688,           0.0087752,           0.0029898,             0.96831,             0.97978,             0.98606,             0.89217,            0.011933,           0.0022382,           0.0030394,           0.0034991,           0.0034991,           0.0034991
                 196,            0.016904,            0.008692,           0.0030487,             0.96736,             0.98067,             0.98601,             0.89232,            0.011922,           0.0022354,           0.0030513,            0.003457,            0.003457,            0.003457
                 197,            0.017068,           0.0086288,           0.0030712,             0.96497,             0.98064,             0.98599,             0.89275,            0.011898,           0.0022348,           0.0030677,           0.0034152,           0.0034152,           0.0034152
                 198,            0.017015,           0.0086191,           0.0030906,             0.96485,             0.98029,               0.986,             0.89213,            0.011886,           0.0022346,           0.0030803,           0.0033735,           0.0033735,           0.0033735
                 199,            0.017116,           0.0086591,           0.0031652,             0.96461,             0.98044,             0.98515,             0.89105,            0.011878,           0.0022351,           0.0030876,           0.0033321,           0.0033321,           0.0033321
                 200,            0.016548,           0.0085649,           0.0028166,             0.96527,             0.97998,             0.98514,             0.89148,            0.011883,            0.002236,           0.0030994,           0.0032909,           0.0032909,           0.0032909
                 201,             0.01705,           0.0087826,           0.0030191,             0.96558,             0.97925,             0.98527,             0.89116,            0.011896,           0.0022364,            0.003111,             0.00325,             0.00325,             0.00325
                 202,            0.016863,           0.0087145,           0.0029454,             0.96725,             0.97795,             0.98532,             0.89102,            0.011897,           0.0022357,           0.0031279,           0.0032093,           0.0032093,           0.0032093
                 203,             0.01631,           0.0084155,           0.0028824,             0.97824,             0.96727,             0.98533,             0.89015,            0.011913,           0.0022358,           0.0031256,           0.0031689,           0.0031689,           0.0031689
                 204,            0.016615,           0.0086445,           0.0028479,             0.97527,             0.96947,             0.98554,             0.89028,            0.011908,           0.0022353,           0.0031251,           0.0031287,           0.0031287,           0.0031287
                 205,            0.016644,           0.0085047,           0.0030202,             0.97784,             0.96702,             0.98526,              0.8897,             0.01191,           0.0022366,           0.0031285,           0.0030888,           0.0030888,           0.0030888
                 206,            0.017145,           0.0086737,           0.0032945,             0.97454,             0.97026,             0.98539,             0.89032,            0.011915,           0.0022343,           0.0031214,           0.0030491,           0.0030491,           0.0030491
                 207,            0.016551,           0.0084542,           0.0029322,             0.97804,              0.9677,             0.98543,             0.88999,            0.011915,           0.0022314,           0.0031171,           0.0030097,           0.0030097,           0.0030097
                 208,             0.01587,           0.0081522,           0.0027099,             0.97735,             0.96825,             0.98563,             0.88914,            0.011897,           0.0022296,           0.0031208,           0.0029706,           0.0029706,           0.0029706
                 209,            0.017019,           0.0084529,           0.0030922,              0.9767,             0.96878,             0.98539,             0.88972,            0.011862,           0.0022264,           0.0031245,           0.0029318,           0.0029318,           0.0029318
                 210,            0.016368,           0.0083797,           0.0028141,             0.97698,             0.96907,             0.98541,             0.88774,            0.011855,           0.0022241,           0.0031357,           0.0028932,           0.0028932,           0.0028932
                 211,            0.016553,           0.0086259,           0.0029326,              0.9771,             0.96937,             0.98539,             0.88877,            0.011842,           0.0022215,           0.0031552,            0.002855,            0.002855,            0.002855
                 212,            0.016262,           0.0082819,           0.0029496,             0.97771,              0.9684,             0.98529,              0.8887,            0.011807,           0.0022202,           0.0031595,            0.002817,            0.002817,            0.002817
                 213,            0.016368,           0.0084902,           0.0028307,             0.97672,             0.96913,             0.98526,             0.88956,            0.011789,            0.002219,           0.0031584,           0.0027793,           0.0027793,           0.0027793
                 214,            0.016279,           0.0083889,           0.0027889,             0.97393,             0.97125,             0.98531,             0.89014,            0.011772,           0.0022178,           0.0031681,           0.0027419,           0.0027419,           0.0027419
                 215,            0.016683,            0.008426,           0.0028816,             0.97189,             0.97285,             0.98555,              0.8907,            0.011756,           0.0022177,           0.0031702,           0.0027048,           0.0027048,           0.0027048
                 216,            0.016171,           0.0084177,            0.002744,             0.97835,             0.96654,             0.98545,              0.8901,            0.011749,           0.0022152,           0.0031745,           0.0026681,           0.0026681,           0.0026681
                 217,            0.016179,           0.0083013,           0.0028051,             0.97735,             0.96682,             0.98547,             0.89032,            0.011722,           0.0022142,           0.0031751,           0.0026316,           0.0026316,           0.0026316
                 218,            0.016259,           0.0083209,           0.0029062,             0.97635,             0.96719,             0.98537,             0.89069,            0.011716,            0.002215,           0.0031817,           0.0025954,           0.0025954,           0.0025954
                 219,            0.015943,           0.0081271,           0.0027363,             0.97553,             0.96754,             0.98543,             0.89078,            0.011714,           0.0022155,           0.0031818,           0.0025596,           0.0025596,           0.0025596
                 220,             0.01599,           0.0082148,            0.002752,             0.97566,              0.9671,             0.98538,             0.89147,            0.011712,           0.0022161,             0.00319,           0.0025241,           0.0025241,           0.0025241
                 221,            0.016085,           0.0082495,           0.0029206,              0.9756,             0.96693,             0.98508,             0.89165,            0.011707,           0.0022179,            0.003201,           0.0024889,           0.0024889,           0.0024889
                 222,            0.016044,           0.0082501,           0.0029039,             0.97702,             0.96549,             0.98491,             0.89157,            0.011707,           0.0022179,           0.0032086,           0.0024541,           0.0024541,           0.0024541
                 223,            0.016175,           0.0081036,           0.0028059,              0.9757,              0.9674,              0.9848,             0.89138,            0.011699,           0.0022184,           0.0032048,           0.0024195,           0.0024195,           0.0024195
                 224,            0.016015,           0.0083207,           0.0028272,             0.97556,             0.96742,             0.98457,             0.89121,             0.01169,           0.0022207,           0.0032057,           0.0023854,           0.0023854,           0.0023854
                 225,            0.015966,           0.0081529,           0.0027123,             0.97615,             0.96679,             0.98455,             0.89144,            0.011682,            0.002221,           0.0031988,           0.0023515,           0.0023515,           0.0023515
                 226,            0.015744,           0.0081684,           0.0026531,             0.97651,             0.96651,             0.98443,             0.89111,            0.011671,           0.0022229,           0.0031909,            0.002318,            0.002318,            0.002318
                 227,            0.016009,           0.0080789,           0.0027537,             0.97645,             0.96658,             0.98445,             0.89124,            0.011667,           0.0022243,           0.0031873,           0.0022849,           0.0022849,           0.0022849
                 228,            0.015902,           0.0082406,           0.0027759,             0.97657,             0.96605,             0.98444,              0.8918,            0.011655,           0.0022257,           0.0031918,           0.0022521,           0.0022521,           0.0022521
                 229,            0.015409,           0.0078492,           0.0027165,             0.97672,             0.96587,             0.98443,             0.89098,             0.01165,           0.0022261,           0.0031915,           0.0022196,           0.0022196,           0.0022196
                 230,            0.015741,           0.0079392,           0.0027325,             0.97697,             0.96566,             0.98442,             0.89117,            0.011648,           0.0022278,           0.0031876,           0.0021876,           0.0021876,           0.0021876
                 231,             0.01575,           0.0080316,           0.0026256,             0.97705,             0.96568,             0.98444,             0.89109,             0.01165,           0.0022283,           0.0031816,           0.0021558,           0.0021558,           0.0021558
                 232,            0.015831,           0.0082097,           0.0028139,             0.97711,             0.96548,             0.98446,             0.89103,            0.011653,           0.0022274,           0.0031805,           0.0021245,           0.0021245,           0.0021245
                 233,            0.015428,           0.0080352,           0.0026488,             0.97715,             0.96546,             0.98456,              0.8918,             0.01165,           0.0022282,           0.0031837,           0.0020935,           0.0020935,           0.0020935
                 234,            0.015728,           0.0081591,           0.0026241,             0.97734,             0.96536,             0.98459,             0.89093,             0.01165,           0.0022303,           0.0031898,           0.0020629,           0.0020629,           0.0020629
                 235,             0.01516,           0.0077211,           0.0023911,             0.97737,             0.96535,             0.98457,              0.8916,            0.011652,            0.002231,           0.0031879,           0.0020327,           0.0020327,           0.0020327
                 236,            0.015832,           0.0081216,           0.0027223,             0.97728,             0.96545,             0.98459,             0.89084,            0.011659,            0.002231,           0.0031879,           0.0020028,           0.0020028,           0.0020028
                 237,            0.015385,           0.0079587,           0.0026008,             0.97731,             0.96537,             0.98462,             0.89188,            0.011664,           0.0022316,            0.003191,           0.0019734,           0.0019734,           0.0019734
                 238,              0.0152,           0.0081167,           0.0025377,             0.97734,             0.96523,             0.98458,             0.89224,            0.011663,           0.0022313,           0.0031906,           0.0019443,           0.0019443,           0.0019443
                 239,            0.015132,           0.0078834,           0.0024953,             0.97745,             0.96503,             0.98459,             0.89218,            0.011668,           0.0022331,           0.0031869,           0.0019156,           0.0019156,           0.0019156
                 240,            0.015499,           0.0081049,           0.0025968,             0.97748,             0.96502,             0.98467,             0.89223,            0.011669,           0.0022341,           0.0031867,           0.0018873,           0.0018873,           0.0018873
                 241,            0.015693,           0.0081405,           0.0027323,             0.97762,             0.96494,             0.98461,             0.89206,             0.01167,           0.0022348,           0.0031862,           0.0018594,           0.0018594,           0.0018594
                 242,            0.015157,           0.0078711,           0.0025258,             0.97772,             0.96489,             0.98462,             0.89255,            0.011676,           0.0022358,           0.0031865,           0.0018319,           0.0018319,           0.0018319
                 243,            0.015267,            0.007959,           0.0025932,             0.97756,             0.96451,             0.98473,              0.8921,            0.011677,           0.0022348,           0.0031831,           0.0018048,           0.0018048,           0.0018048
                 244,            0.015218,           0.0076788,           0.0024397,             0.97763,             0.96444,             0.98476,             0.89225,            0.011678,           0.0022353,            0.003186,           0.0017781,           0.0017781,           0.0017781
                 245,            0.015191,           0.0079447,           0.0025054,             0.97763,             0.96446,             0.98485,             0.89195,            0.011681,           0.0022376,           0.0031875,           0.0017519,           0.0017519,           0.0017519
                 246,            0.015134,           0.0076755,           0.0023858,             0.97766,             0.96447,             0.98492,             0.89199,            0.011689,           0.0022394,           0.0031863,            0.001726,            0.001726,            0.001726
                 247,             0.01535,           0.0076627,           0.0025122,              0.9777,             0.96442,             0.98484,             0.89206,            0.011693,           0.0022399,           0.0031857,           0.0017005,           0.0017005,           0.0017005
                 248,            0.015342,           0.0077518,           0.0024671,              0.9778,             0.96443,             0.98494,             0.89157,            0.011697,             0.00224,           0.0031871,           0.0016755,           0.0016755,           0.0016755
                 249,             0.01529,           0.0077127,            0.002436,             0.97772,             0.96449,             0.98487,              0.8916,            0.011697,           0.0022401,           0.0031899,           0.0016509,           0.0016509,           0.0016509
                 250,            0.015068,            0.007834,           0.0025047,              0.9786,             0.96296,              0.9847,             0.89183,            0.011699,           0.0022408,           0.0031921,           0.0016267,           0.0016267,           0.0016267
                 251,            0.015296,           0.0078631,           0.0024649,             0.97883,             0.96293,             0.98468,             0.89172,            0.011704,           0.0022435,           0.0031915,           0.0016029,           0.0016029,           0.0016029
                 252,            0.015053,           0.0076915,           0.0023315,             0.97861,             0.96314,              0.9846,              0.8922,            0.011708,           0.0022441,           0.0031902,           0.0015795,           0.0015795,           0.0015795
                 253,             0.01508,           0.0078091,           0.0024981,             0.97864,             0.96312,             0.98456,             0.89201,            0.011706,           0.0022431,           0.0031927,           0.0015566,           0.0015566,           0.0015566
                 254,            0.015143,            0.007841,           0.0024932,             0.97848,             0.96326,              0.9845,             0.89145,            0.011704,           0.0022443,           0.0031932,           0.0015341,           0.0015341,           0.0015341
                 255,            0.014753,           0.0075763,           0.0024356,             0.97812,             0.96356,             0.98438,             0.89243,            0.011704,           0.0022428,           0.0031947,           0.0015121,           0.0015121,           0.0015121
                 256,            0.015274,           0.0078214,           0.0025767,             0.97839,             0.96395,             0.98438,             0.89215,            0.011698,           0.0022447,           0.0031943,           0.0014905,           0.0014905,           0.0014905
                 257,            0.015085,           0.0075467,            0.002376,             0.97839,             0.96399,             0.98433,             0.89257,            0.011696,           0.0022452,           0.0031961,           0.0014693,           0.0014693,           0.0014693
                 258,            0.014951,           0.0076201,           0.0023686,             0.97823,             0.96419,             0.98436,             0.89206,            0.011696,            0.002244,           0.0031962,           0.0014486,           0.0014486,           0.0014486
                 259,            0.014898,           0.0076991,           0.0024269,             0.97799,             0.96446,             0.98428,              0.8923,            0.011693,           0.0022449,           0.0031984,           0.0014283,           0.0014283,           0.0014283
                 260,            0.014735,           0.0077092,           0.0023359,              0.9779,             0.96455,             0.98434,             0.89249,             0.01169,           0.0022461,           0.0031984,           0.0014084,           0.0014084,           0.0014084
                 261,            0.014965,           0.0077829,           0.0024568,             0.97765,             0.96477,             0.98431,             0.89238,             0.01169,           0.0022455,           0.0031986,            0.001389,            0.001389,            0.001389
                 262,            0.014524,           0.0075614,           0.0023207,             0.97753,             0.96495,             0.98436,             0.89251,            0.011684,           0.0022462,           0.0031972,           0.0013701,           0.0013701,           0.0013701
                 263,            0.014597,           0.0077778,           0.0023127,             0.97719,             0.96526,             0.98436,             0.89295,             0.01168,           0.0022468,           0.0031946,           0.0013516,           0.0013516,           0.0013516
                 264,            0.014782,           0.0075163,           0.0024886,             0.97714,             0.96531,             0.98439,             0.89282,            0.011678,           0.0022472,           0.0031934,           0.0013336,           0.0013336,           0.0013336
                 265,            0.014925,           0.0075707,            0.002417,             0.97691,             0.96548,             0.98441,             0.89237,            0.011676,           0.0022477,           0.0031927,            0.001316,            0.001316,            0.001316
                 266,            0.014712,           0.0076761,           0.0023959,             0.97695,             0.96539,             0.98442,             0.89279,            0.011678,           0.0022482,           0.0031969,           0.0012989,           0.0012989,           0.0012989
                 267,            0.014809,           0.0075862,           0.0023521,             0.97826,             0.96415,             0.98436,             0.89307,            0.011675,           0.0022485,           0.0031983,           0.0012822,           0.0012822,           0.0012822
                 268,            0.014293,           0.0075377,           0.0021798,             0.97963,             0.96243,             0.98436,             0.89276,            0.011679,           0.0022479,           0.0032004,            0.001266,            0.001266,            0.001266
                 269,            0.015201,           0.0075324,           0.0025944,             0.97984,              0.9627,             0.98443,             0.89283,            0.011675,           0.0022487,           0.0032018,           0.0012503,           0.0012503,           0.0012503
                 270,            0.014381,           0.0074921,             0.00221,              0.9799,             0.96265,             0.98447,             0.89263,            0.011671,           0.0022493,           0.0032059,            0.001235,            0.001235,            0.001235
                 271,            0.014583,           0.0075597,           0.0022052,             0.97969,             0.96248,             0.98436,             0.89191,            0.011668,           0.0022502,            0.003208,           0.0012202,           0.0012202,           0.0012202
                 272,            0.014764,           0.0076311,           0.0023903,             0.97968,             0.96249,              0.9843,             0.89218,            0.011668,           0.0022519,           0.0032103,           0.0012059,           0.0012059,           0.0012059
                 273,            0.014986,           0.0076463,           0.0025125,             0.97973,             0.96246,             0.98429,             0.89205,            0.011669,           0.0022516,           0.0032129,           0.0011921,           0.0011921,           0.0011921
                 274,             0.01443,              0.0074,            0.002201,             0.97979,             0.96242,              0.9843,              0.8926,            0.011665,           0.0022529,           0.0032116,           0.0011787,           0.0011787,           0.0011787
                 275,            0.013896,           0.0073799,           0.0020834,             0.97973,             0.96248,             0.98425,             0.89192,            0.011663,           0.0022534,           0.0032132,           0.0011658,           0.0011658,           0.0011658
                 276,            0.014395,           0.0075403,           0.0023467,             0.97983,             0.96235,             0.98427,             0.89182,             0.01166,           0.0022554,           0.0032148,           0.0011533,           0.0011533,           0.0011533
                 277,            0.014498,           0.0075591,           0.0022434,             0.97993,             0.96222,              0.9843,             0.89225,            0.011659,           0.0022542,           0.0032168,           0.0011414,           0.0011414,           0.0011414
                 278,            0.014358,           0.0074818,           0.0021998,             0.97987,             0.96231,             0.98429,             0.89233,            0.011655,           0.0022551,           0.0032173,           0.0011299,           0.0011299,           0.0011299
                 279,            0.014695,           0.0074404,           0.0023259,             0.97998,             0.96223,             0.98432,             0.89258,            0.011656,           0.0022558,             0.00322,           0.0011189,           0.0011189,           0.0011189
                 280,            0.014448,           0.0074864,           0.0022908,             0.97992,             0.96227,             0.98424,             0.89252,            0.011657,           0.0022573,           0.0032218,           0.0011084,           0.0011084,           0.0011084
                 281,            0.014348,           0.0073418,           0.0022308,             0.97852,             0.96354,             0.98433,             0.89265,            0.011657,           0.0022582,           0.0032229,           0.0010983,           0.0010983,           0.0010983
                 282,            0.014549,           0.0074354,            0.002215,             0.97859,             0.96351,             0.98429,             0.89229,            0.011653,           0.0022594,            0.003222,           0.0010888,           0.0010888,           0.0010888
                 283,            0.014121,           0.0073651,           0.0022262,             0.97864,             0.96351,             0.98444,             0.89248,            0.011648,           0.0022587,            0.003219,           0.0010797,           0.0010797,           0.0010797
                 284,            0.014324,           0.0076648,           0.0023537,              0.9787,             0.96349,             0.98435,             0.89243,            0.011644,           0.0022597,           0.0032229,           0.0010711,           0.0010711,           0.0010711
                 285,            0.014626,           0.0074667,           0.0022964,             0.97875,             0.96345,              0.9844,             0.89237,             0.01164,            0.002261,           0.0032264,            0.001063,            0.001063,            0.001063
                 286,            0.014205,            0.007324,           0.0021906,             0.97891,             0.96332,             0.98436,             0.89263,            0.011637,           0.0022614,           0.0032297,           0.0010554,           0.0010554,           0.0010554
                 287,            0.014144,           0.0072565,           0.0021818,             0.97903,             0.96323,             0.98437,             0.89238,            0.011634,           0.0022611,           0.0032308,           0.0010483,           0.0010483,           0.0010483
                 288,            0.014384,           0.0070921,           0.0022555,             0.97907,             0.96321,             0.98439,             0.89235,            0.011628,           0.0022631,           0.0032329,           0.0010416,           0.0010416,           0.0010416
                 289,            0.014191,           0.0073093,           0.0021544,              0.9791,              0.9632,             0.98452,             0.89227,            0.011628,           0.0022631,           0.0032311,           0.0010355,           0.0010355,           0.0010355
                 290,            0.014305,           0.0073562,           0.0022076,             0.97915,             0.96313,             0.98447,             0.89239,            0.011622,           0.0022642,           0.0032321,           0.0010298,           0.0010298,           0.0010298
                 291,            0.014463,           0.0074129,           0.0022257,              0.9792,              0.9631,             0.98446,             0.89271,            0.011618,           0.0022634,            0.003234,           0.0010247,           0.0010247,           0.0010247
                 292,            0.014498,           0.0073784,           0.0022947,             0.97925,             0.96309,             0.98445,             0.89259,            0.011616,           0.0022631,           0.0032329,             0.00102,             0.00102,             0.00102
                 293,            0.014195,           0.0073833,           0.0021848,              0.9792,             0.96309,             0.98448,             0.89239,            0.011615,           0.0022661,           0.0032343,           0.0010158,           0.0010158,           0.0010158
                 294,            0.014202,           0.0072578,           0.0021075,             0.97917,              0.9631,             0.98444,             0.89213,            0.011614,           0.0022668,            0.003239,           0.0010121,           0.0010121,           0.0010121
                 295,            0.014248,           0.0075186,           0.0022257,             0.97913,             0.96313,             0.98444,             0.89261,            0.011613,           0.0022677,           0.0032392,           0.0010089,           0.0010089,           0.0010089
                 296,            0.014178,           0.0073153,           0.0022668,             0.97919,             0.96307,             0.98443,             0.89248,            0.011613,           0.0022687,           0.0032398,           0.0010062,           0.0010062,           0.0010062
                 297,            0.014278,           0.0073333,           0.0022304,             0.97926,             0.96303,             0.98442,             0.89253,            0.011611,           0.0022693,           0.0032422,           0.0010039,           0.0010039,           0.0010039
                 298,            0.014305,           0.0074629,           0.0022149,             0.97924,             0.96307,             0.98441,             0.89204,            0.011614,           0.0022691,            0.003244,           0.0010022,           0.0010022,           0.0010022
                 299,            0.013989,           0.0071349,           0.0020566,              0.9792,             0.96312,             0.98437,             0.89228,             0.01161,           0.0022702,           0.0032451,            0.001001,            0.001001,            0.001001
